filename,class_name,vertices,faces,is_watertight,volume,bounding_box_max,bounding_box_min,aspect_ratio
sofa_0019.off,sofa,161,414,False,,133.1894,47.017,2.8327923339899965
tent_0036.off,tent,30,55,False,,183.40699999999998,95.0,1.9305999796778948
flower_pot_0151.off,flower_pot,56661,139100,False,,1329.33,1248.3719999999998,1.0648508609093676
bookshelf_0135.off,bookshelf,248,636,True,2385.1612082050474,66.5354,15.747999999999998,4.225006081724278
car_0176.off,car,8741,26622,False,,207.7919,72.489082,2.8665268120442358
dresser_0270.off,dresser,1942,4704,False,,597.5,328.38,1.8195383341874098
plant_0193.off,plant,192,324,False,,39.8194,35.989799999999995,1.1064078959480774
chair_0201.off,chair,480,998,False,,30.2755999541355,27.165400054122003,1.114491182876962
stool_0009.off,stool,2580,4971,False,,0.930009,0.459981,2.0218378110447803
airplane_0525.off,airplane,17417,63168,False,,490.9817,97.34099999999998,5.043935186160661
piano_0299.off,piano,1793,6560,False,,83.968445,35.911335,2.3382155707044707
glass_box_0017.off,glass_box,472,812,False,,33.0,15.000000715256,2.199999748429149
chair_0597.off,chair,264,535,False,,38.1444,25.004,1.5255318538821045
car_0074.off,car,7818,22361,False,,218.8037,59.9838,3.6477131550899884
bench_0006.off,bench,42,83,False,,78.0002,14.0,5.571442459182682
lamp_0001.off,lamp,7790,15328,False,,341.0,257.756,1.3229565894762623
sofa_0707.off,sofa,93,196,False,,105.512,31.496,3.3500125936622873
plant_0111.off,plant,14695,15922,False,,28.5457,25.2608,1.1300393839451093
flower_pot_0035.off,flower_pot,20358,74770,False,,19.701500195184,6.372799999999998,3.0914977880501846
tv_stand_0262.off,tv_stand,40,80,True,8567.70459457367,62.9921,17.716499,3.555561200011289
sofa_0129.off,sofa,112,184,False,,84.0,31.0,2.709677331945892
chair_0024.off,chair,1653,5690,False,,31.3932,20.9238,1.5003583717891409
mantel_0136.off,mantel,1303,6488,False,,48.0,22.25,2.1573032738290663
sofa_0289.off,sofa,3470,6896,False,,55.6774,21.1612,2.6311077523435458
toilet_0114.off,toilet,2159,8630,False,,28.3284,17.54874,1.6142696504552663
glass_box_0180.off,glass_box,466,812,False,,33.0,13.2619,2.4883310469592557
plant_0029.off,plant,7205,18558,False,,81.4916,35.3148,2.307576361537476
chair_0721.off,chair,206,600,False,,35.8268,18.503899999999998,1.9361755123960078
stairs_0088.off,stairs,1032,1924,False,,5013.3955,1978.263,2.5342411486570584
cone_0111.off,cone,54,76,False,,0.885827,0.769999999999996,1.1504231812686017
plant_0084.off,plant,153,216,False,,34.5784,26.3743,1.311064130192493
monitor_0050.off,monitor,1908,4234,False,,16.372,9.40588,1.7406131334215265
monitor_0505.off,monitor,412,1174,False,,36.0,13.365,2.693602492061168
chair_0664.off,chair,1473,3492,False,,34.7007,22.43835,1.5464906489786168
lamp_0020.off,lamp,7826,36826,False,,76.2356,37.452323,2.0355372339510898
bottle_0210.off,bottle,1893,3885,False,,13.543301,6.299199999999999,2.15000299244301
glass_box_0187.off,glass_box,471,812,False,,33.0,12.0,2.7499997708333526
sink_0059.off,sink,1575,5632,False,,43.937799999999996,25.75001,1.7063216011830051
toilet_0162.off,toilet,4287,16912,False,,22.6584,14.00012,1.6184431548841614
cone_0010.off,cone,25,92,False,,31.4961,23.5932,1.3349651028701022
bookshelf_0126.off,bookshelf,152,300,True,5659.055038418559,56.0,8.0,6.99999912500011
chair_0863.off,chair,7632,14588,False,,34.398191,24.286929999999998,1.4163251421103802
sofa_0014.off,sofa,1489,2882,False,,106.2994,32.5394,3.2667903136877046
bench_0052.off,bench,2106,4298,False,,1049.9,643.0749999999999,1.6326244969364003
bowl_0040.off,bowl,600,1174,False,,512.794,227.51814000000002,2.2538598361701627
monitor_0240.off,monitor,870,2061,False,,25.0574,8.06318,3.107632087137819
bowl_0001.off,bowl,720,2872,False,,14.99747,9.65896,1.5527001299622185
laptop_0164.off,laptop,346,655,False,,59.370000000000005,51.25,1.1584390017865562
chair_0308.off,chair,1618,4606,False,,42.739,24.5,1.7444489083898402
keyboard_0134.off,keyboard,1374,6256,False,,18.75,1.08593,17.26629039966628
airplane_0213.off,airplane,29491,87992,False,,1866.73,546.3309999510939,3.4168480220786606
keyboard_0133.off,keyboard,22320,71004,False,,451.37841000000003,21.75468,20.748564872084312
chair_0247.off,chair,3116,11486,False,,37.8125,25.6979,1.4714236777548484
bottle_0148.off,bottle,257,666,False,,460.5,149.6694,3.0767812052645285
sofa_0520.off,sofa,665,1507,False,,118.5,28.0,4.232142705994903
chair_0682.off,chair,840,3504,False,,31.75,15.825499999999998,2.0062555997437306
sofa_0419.off,sofa,3574,12004,False,,110.4602,31.605,3.4950228288238305
toilet_0093.off,toilet,396,795,False,,728.0,547.514,1.329646362778584
sofa_0479.off,sofa,96,180,False,,78.7402,32.9046,2.3929844947823558
sofa_0246.off,sofa,2224,8192,False,,147.1988,39.2222,3.752945939979248
bookshelf_0223.off,bookshelf,157,536,False,,66.9292,11.81102,5.666673524668189
airplane_0694.off,airplane,2000,6510,False,,1416.7299999999996,427.991,3.31018642141964
curtain_0061.off,curtain,11506,23268,False,,48.7221,1.8216200000000002,26.74656253962816
car_0278.off,car,15065,42078,False,,509.937,141.04944,3.6153067774299084
airplane_0028.off,airplane,1126,3436,False,,590.552,75.3258,7.839969733610931
toilet_0311.off,toilet,4562,9096,True,4322.903371260946,31.2482,20.9818,1.4893001797128855
table_0360.off,table,205,779,False,,60.0,30.0,1.9999999333333356
stool_0042.off,stool,226,444,False,,20.5512,11.472247,1.7913838682706305
bed_0521.off,bed,3027,7017,False,,84.0,38.0,2.21052625761773
sofa_0150.off,sofa,248,897,False,,91.0226,27.676,3.2888638788530176
sofa_0046.off,sofa,16040,57382,False,,66.0,30.5,2.1639343552808405
bed_0174.off,bed,1070,3982,False,,79.5272,24.5108,3.244577767980736
airplane_0023.off,airplane,16266,63004,False,,2374.27,665.26826,3.568891136383252
guitar_0072.off,guitar,1852,4022,False,,258.0295,25.1752,10.249352130296794
airplane_0705.off,airplane,23914,63217,False,,2897.8799723989,687.023,4.218024677748598
toilet_0208.off,toilet,586,1772,False,,36.2764,22.8238,1.5894109837357941
airplane_0447.off,airplane,5170,19419,False,,1724.2938000000001,478.015,3.6071960009472592
vase_0269.off,vase,504,2008,False,,21.7763,16.26321,1.3389914205749405
tv_stand_0053.off,tv_stand,617,1480,False,,47.2441,16.1417,2.926835282105647
table_0139.off,table,2361,8884,False,,71.75,28.0626,2.556783670907768
night_stand_0217.off,night_stand,653,1356,False,,31.0,12.0,2.583333118055574
guitar_0134.off,guitar,6471,20785,False,,839.7535,71.1867,11.796494123249229
table_0076.off,table,2486,6314,False,,35.433,17.7685,1.994146833207821
cup_0050.off,cup,2065,4126,True,-93.82541258589542,9.847500000000004,9.08186,1.0843041971243563
chair_0835.off,chair,2933,11503,False,,35.6946765,21.459884,1.6633209590824927
monitor_0482.off,monitor,323,842,False,,20.4478,12.9557,1.5782858835658526
vase_0153.off,vase,1872,7340,False,,28.0756,25.2854,1.1103482203030912
laptop_0157.off,laptop,132,264,False,,431.9995,294.13,1.4687366080687567
monitor_0059.off,monitor,317,841,False,,190.5842,125.1883,1.5223802741759394
curtain_0056.off,curtain,1347,7800,False,,480.0,3.0,159.99994666668442
laptop_0128.off,laptop,1321,2554,False,,19.066373000000002,9.54553,1.9974135540495344
vase_0466.off,vase,3722,14880,False,,16.71429999212286,7.318819999999999,2.283742148103207
table_0460.off,table,266,1178,False,,39.0,25.0,1.5599999376000024
guitar_0011.off,guitar,24026,63228,False,,109.96221,5.23001,21.025234937364374
lamp_0100.off,lamp,5978,10584,False,,2.476237,1.600107,1.5475436658025583
xbox_0086.off,xbox,1652,3214,False,,18.543299999999995,4.2683,4.344421820298051
tv_stand_0050.off,tv_stand,400,968,False,,78.65244,16.010099,4.912676373039519
toilet_0299.off,toilet,552,1533,False,,23.602,15.748,1.4987299022904559
bed_0578.off,bed,5844,23208,False,,99.48000000000002,36.5361,2.7227864297835183
table_0114.off,table,108,324,False,,39.3702,15.74804,2.5000061912462637
chair_0225.off,chair,353,675,False,,39.370090000000005,15.0,2.624672491688501
mantel_0285.off,mantel,1755,10536,False,,30.0,22.250000000000004,1.3483145461431663
curtain_0151.off,curtain,36,72,False,,67.5431,6.6150489,10.210520105071316
curtain_0060.off,curtain,36,72,False,,67.5431,6.61506,10.210502971930266
car_0140.off,car,41561,94114,False,,174.690043,42.5465,4.10586156074268
toilet_0100.off,toilet,8571,33844,False,,30.1536,17.61318,1.7119905825074981
bookshelf_0319.off,bookshelf,798,3124,False,,70.86615900000001,13.027869999999998,5.439580956857803
tv_stand_0295.off,tv_stand,1549,6602,False,,39.3701,29.8587,1.3185469789861253
bookshelf_0649.off,bookshelf,126,527,False,,85.0394,18.1102,4.6956629581306135
bench_0090.off,bench,1400,2768,False,,48.0,23.0,2.0869564310018944
range_hood_0201.off,range_hood,1092,4638,False,,64.5,24.5,2.632652953769267
bed_0422.off,bed,1116,4034,False,,85.75005,61.25,1.4000007934693748
bookshelf_0470.off,bookshelf,96,284,False,,66.9291,20.8661,3.207551808553021
dresser_0206.off,dresser,128,248,False,,31.496,19.8819,1.5841543522422727
stairs_0096.off,stairs,142,280,False,,357.72194,80.0,4.471524194105948
chair_0982.off,chair,504,1804,False,,43.9342,26.8228,1.6379422864897664
plant_0168.off,plant,13799,25270,False,,43.39020000000001,42.138200000000005,1.0297117335407842
sofa_0303.off,sofa,586,2282,False,,92.7416,35.7434,2.594649569021146
table_0438.off,table,220,668,False,,94.507,31.9904,2.954229926658312
sofa_0327.off,sofa,588,2028,False,,77.591,33.4646,2.3185992864519736
monitor_0455.off,monitor,1739,5854,False,,141.122,54.793,2.575547924451154
stool_0006.off,stool,122,290,False,,29.75,19.3352,1.5386444650872777
stairs_0003.off,stairs,5952,10976,False,,3740.0,1728.6108660000002,2.1635870000578907
bottle_0435.off,bottle,3215,12668,False,,4.81188,1.7413219999999998,2.763347179127595
sink_0124.off,sink,4408,17632,False,,25.0526,6.473708,3.869899002256666
airplane_0657.off,airplane,19291,71834,False,,6588.091,1292.6750000000002,5.096479002768306
curtain_0101.off,curtain,24428,82520,False,,94.0,3.25,28.923068023671377
airplane_0579.off,airplane,14029,46071,False,,2376.0600473883,655.758000341038,3.623379421263958
monitor_0360.off,monitor,5351,17661,False,,21.1522,7.78752,2.7161660302424866
lamp_0065.off,lamp,1506,3680,False,,12.4398,8.437504,1.4743457929802708
piano_0007.off,piano,601,1565,False,,317.27470000000005,261.1431,1.2149457473126968
table_0038.off,table,290,1000,False,,50.0,30.25,1.6528925073423963
airplane_0210.off,airplane,59460,217438,False,,103055.52,26569.11,3.8787720023787484
monitor_0118.off,monitor,12821,26620,False,,13.9,7.0,1.9857140020408568
night_stand_0286.off,night_stand,992,3714,False,,24.0,12.4368,1.9297566954717698
laptop_0017.off,laptop,100,198,False,,270.4999,179.986,1.5028941056365825
tv_stand_0097.off,tv_stand,1486,4399,False,,92.99996499999999,25.300036,3.675882568867389
glass_box_0147.off,glass_box,359,586,False,,682.1951,330.75,2.0625702129627506
plant_0099.off,plant,1706,4262,False,,43.819900000000004,28.32911,1.5468152177454493
keyboard_0082.off,keyboard,17809,46454,False,,16.125,0.2819999999999965,57.18064829557414
vase_0229.off,vase,3361,13392,False,,312.125,265.75010000000003,1.1745056683910722
car_0194.off,car,41989,105013,False,,418.866,125.32266,3.342300559672923
toilet_0017.off,toilet,2636,10564,False,,25.6626,15.11248,1.6981063532850762
flower_pot_0015.off,flower_pot,3479,3836,False,,54.266099999999994,37.9808,1.4287771340051516
bookshelf_0605.off,bookshelf,2034,7776,False,,72.0,16.0632,4.482294655965521
airplane_0095.off,airplane,42390,137439,False,,5282.244,1661.6164,3.1789792137469393
sink_0014.off,sink,3316,11174,False,,17.5729,14.85,1.1833601896727146
tv_stand_0224.off,tv_stand,15347,43856,False,,117.25,39.242940000000004,2.9877984934921162
cone_0067.off,cone,72,168,False,,142.75,103.438,1.3800537386641878
bed_0549.off,bed,9812,37260,False,,92.99628999999999,33.4147,2.7830950814134168
bed_0388.off,bed,835,2390,False,,52.030771,16.2975,3.19256130126944
xbox_0117.off,xbox,259,933,False,,619.5,210.5,2.9429928601283
door_0003.off,door,1118,2870,False,,88.5,7.700809999999984,11.492296071154088
piano_0178.off,piano,2654,9769,False,,224.42079999999999,88.01101,2.549917305233546
stool_0010.off,stool,553,1054,False,,400.0,353.138,1.13270166016486
table_0326.off,table,632,1216,True,2950.0732960397763,88.5,28.5,3.1052630489381383
table_0148.off,table,2823,6830,False,,42.0076,29.5,1.4239863924072407
plant_0254.off,plant,154483,341300,False,,64.4937,34.23000000000002,1.8841279028884625
dresser_0058.off,dresser,6069,18468,False,,43.75,18.94332,2.3095211235664537
airplane_0711.off,airplane,27015,96027,False,,1857.068,522.967,3.551023289134834
glass_box_0005.off,glass_box,294,472,False,,30.0,13.2619,2.2621191335993234
bench_0155.off,bench,1888,7084,False,,74.0,16.75,4.417910184005362
glass_box_0222.off,glass_box,472,812,False,,33.0,18.000000536442,1.8333331768438839
bookshelf_0397.off,bookshelf,56,88,True,18336.0086,96.0,36.00000000000001,2.6666665925925943
door_0055.off,door,276,564,False,,2265.0,170.2338,13.305230727944563
vase_0135.off,vase,13201,52796,False,,3057.6789999999996,1145.201,2.6699933001543013
cone_0109.off,cone,72,236,False,,31.46313,20.125299999999996,1.5633619591577788
piano_0099.off,piano,3581,11098,False,,102.06138,70.83988,1.4407333631743398
cone_0119.off,cone,96,192,True,1118.0974474660195,36.0,18.0,1.999999888888895
bench_0160.off,bench,889,2749,False,,1785.001154,699.995,2.55001985935611
bookshelf_0325.off,bookshelf,208,456,True,12242.280787364929,76.5236,14.9607,5.114974224804039
car_0143.off,car,35602,74943,False,,113.1494,50.2534,2.2515769629203803
tv_stand_0079.off,tv_stand,26,98,False,,70.8661,17.7165,4.0000054186771985
night_stand_0018.off,night_stand,1417,5696,False,,24.5,18.0567,1.3568369991838487
guitar_0060.off,guitar,3960,10055,False,,3157.982,108.21459999999999,29.182586922812757
cup_0008.off,cup,1116,3052,False,,179.975,129.5,1.389768329036538
cone_0182.off,cone,2956,5300,False,,14596.19821,10396.998,1.4038858340259481
keyboard_0074.off,keyboard,22742,44944,False,,11.204,0.685598,16.3419141509833
plant_0229.off,plant,762,1536,False,,33.2653,29.057229999999997,1.1448200277583231
tv_stand_0142.off,tv_stand,220,636,False,,24.033576,12.204,1.9693194059882493
airplane_0550.off,airplane,14477,48388,False,,7321.13,2128.1454,3.4401455824211333
dresser_0073.off,dresser,266,1032,False,,45.0,30.0,1.4999999500000016
piano_0152.off,piano,1163,2908,False,,229.0557,62.4803,3.666046679256555
table_0431.off,table,1850,3732,False,,62.992,29.5356,2.132748204446559
vase_0187.off,vase,648,1436,False,,50.7701,34.9812,1.451353828589247
tv_stand_0354.off,tv_stand,231,838,False,,52.7559,15.0354,3.508779047529228
sink_0068.off,sink,1528,6468,False,,30.00002,9.56686,3.1358268924362966
tent_0073.off,tent,81,154,False,,384.0,108.0,3.555555522633745
xbox_0089.off,xbox,60,116,True,4770919.081031249,288.625,65.56200000000001,4.402321399555818
keyboard_0123.off,keyboard,34194,90707,False,,2367.57,164.743,14.371293381987137
range_hood_0209.off,range_hood,143,343,False,,35.4331,20.665351,1.7146139102784215
sofa_0533.off,sofa,458,1036,False,,108.2678,32.283500000000004,3.3536573372262195
glass_box_0244.off,glass_box,27,144,False,,78.7402,78.7402,0.999999987300007
bathtub_0002.off,bathtub,144,664,False,,59.4898,22.75,2.6149361487940155
dresser_0235.off,dresser,15024,30124,False,,33.4646,19.685,1.7000049936497335
door_0120.off,door,244,464,False,,86.0,9.125,9.424656501407508
chair_0468.off,chair,123,500,False,,38.189,20.4724,1.865389408892489
lamp_0130.off,lamp,64,124,True,9677.153551760004,57.5,14.0,4.107142563775532
vase_0468.off,vase,972,1893,False,,24.0,6.457799999999999,3.7164353624399395
xbox_0049.off,xbox,2137,4370,False,,535.58182,128.5618,4.165948328617456
range_hood_0099.off,range_hood,463,2110,False,,56.25,23.5,2.3936169194205563
table_0236.off,table,1408,3638,False,,72.6872,45.82614,1.58615145010792
chair_0532.off,chair,9106,32326,False,,39.4269,28.747899913759003,1.3714705681738988
radio_0009.off,radio,10794,25087,False,,587.72231,283.249,2.0749316252663497
monitor_0225.off,monitor,5348,17665,False,,21.1522,7.7875,2.716173005948892
bottle_0368.off,bottle,1177,4334,False,,205.254,56.8446,3.6107914628515028
dresser_0260.off,dresser,266,973,False,,45.0,30.0,1.4999999500000016
chair_0516.off,chair,94,172,False,,33.0,22.99,1.435406636128463
bed_0133.off,bed,34205,134246,False,,115.8502,71.8082,1.6133282603751624
bookshelf_0167.off,bookshelf,88,260,False,,78.7402,17.7165,4.444455482490588
chair_0005.off,chair,156,504,False,,408.0,270.0,1.5111111055144033
laptop_0016.off,laptop,95,340,False,,11.7,9.085299999999997,1.2877944275043838
range_hood_0131.off,range_hood,615,2262,False,,50.25,23.5,2.1382977813490305
chair_0849.off,chair,3482,9530,False,,30.7128,23.6156,1.300530102960327
table_0198.off,table,506,1860,False,,70.5,18.25,3.863013486958165
monitor_0308.off,monitor,485,1030,False,,11.5542,3.83702,3.0112423153274377
car_0148.off,car,28053,63291,False,,4.549342,1.47056,3.0936098536544896
chair_0484.off,chair,12452,37966,False,,39.4269,28.747899913759003,1.3714705681738988
cone_0053.off,cone,80,268,False,,9.0,5.25,1.7142853877551643
vase_0319.off,vase,2500,4898,False,,590.9449999999999,404.922,1.4594045236875135
person_0035.off,person,3887,7105,False,,162.47436599999997,49.319599999999994,3.294316310466502
tv_stand_0306.off,tv_stand,70,144,False,,55.1184,15.748100000000004,3.5000029527369674
bookshelf_0215.off,bookshelf,357,710,True,4510.179027222334,70.8662,11.811,6.0000164253647945
curtain_0144.off,curtain,407,729,False,,374.83500000000004,30.88563,12.136226065771492
tv_stand_0303.off,tv_stand,2084,4458,False,,59.054799999999986,18.202299999999994,3.2443590510892
flower_pot_0052.off,flower_pot,3148,6340,False,,55.6421,53.6077,1.0379497527789898
tent_0125.off,tent,6,4,False,,1141.14,468.75600000000003,2.4344008344759303
chair_0624.off,chair,3219,12198,False,,1323.80686,825.47,1.6037007503559173
night_stand_0075.off,night_stand,353,1336,False,,25.5904,17.7165,1.444438718458007
chair_0405.off,chair,2718,8992,False,,815.369,457.614,1.7817833331546167
wardrobe_0018.off,wardrobe,316,630,False,,2629.1,760.5,3.4570677140603974
door_0079.off,door,196,368,False,,96.0,3.0,31.999989333336888
table_0014.off,table,262,548,False,,240.194,72.0,3.336027731444059
toilet_0198.off,toilet,308,1292,False,,839.99,496.448,1.6919999643628338
chair_0153.off,chair,5671,22650,False,,55.1672,38.6598,1.4269913081032157
xbox_0040.off,xbox,1995,5351,False,,71.2598,19.12899999999999,3.725223287928106
keyboard_0111.off,keyboard,18362,61532,False,,16.880288,0.6834585000000001,24.698300338205843
piano_0018.off,piano,10799,28850,False,,82.6541,56.7856,1.4555468031411696
table_0104.off,table,60,248,False,,72.0,30.0,2.3999999200000026
range_hood_0078.off,range_hood,244,832,False,,39.37,27.9512,1.4085262382822117
mantel_0379.off,mantel,1246,5180,False,,60.0,29.0,2.068965445897743
sofa_0291.off,sofa,7076,13932,False,,121.374,30.3708,3.996404309520845
cone_0073.off,cone,25,92,False,,32.900400000000005,29.0,1.1344965126035687
monitor_0307.off,monitor,2088,5180,False,,20.315,7.87402,2.580003279137813
guitar_0124.off,guitar,9897,28690,False,,1671.7316,106.3742,15.71557374141875
lamp_0014.off,lamp,2436,4872,False,,19.7985,8.85273,2.2364285100270194
airplane_0406.off,airplane,30684,98548,False,,3012.6600000000003,886.594471,3.398013517052473
airplane_0049.off,airplane,16509,33333,False,,1835.2988205,423.17800484325,4.336942835303723
bottle_0047.off,bottle,576,2226,False,,12.3976641,3.4647867,3.5781886722814216
sofa_0016.off,sofa,484,1878,False,,94.4882,35.1622,2.6872094838431764
sofa_0043.off,sofa,1531,6188,False,,95.6694,37.1008,2.578634353473932
vase_0547.off,vase,3638,14532,False,,29.7559,22.4457,1.3256837021931283
vase_0040.off,vase,408,838,False,,15.1404,7.68808,1.9693340900024334
curtain_0011.off,curtain,1068,2128,True,2337.3616089797674,89.7638,3.7860000000000014,23.709396801532797
chair_0908.off,chair,113,246,False,,36.0,19.0,1.8947367423822765
bed_0066.off,bed,2902,5744,False,,409.036,281.598,1.4525529249051736
cone_0120.off,cone,49,188,False,,193.1418,171.085,1.128923043347324
airplane_0097.off,airplane,9650,36760,False,,1039.7749999999999,403.9585,2.573964893487908
glass_box_0056.off,glass_box,270,448,False,,18.000000536442,13.2619,1.357271520609451
vase_0336.off,vase,4225,16892,False,,10.8204,5.6,1.9322139406760819
stool_0003.off,stool,388,910,False,,21.8125,15.881939000000003,1.3734153384284287
dresser_0274.off,dresser,8103,30907,False,,37.4484,21.7812,1.719299133229614
dresser_0167.off,dresser,464,1628,False,,57.0268,20.75,2.7482793856250898
bed_0336.off,bed,259,932,False,,105.7502,30.375,3.4814879512267343
door_0070.off,door,762,1536,False,,254.49973000000003,15.568000000000012,16.34761778342639
chair_0383.off,chair,12125,36845,False,,41.840658999999995,27.454700000000003,1.5239888789901588
range_hood_0159.off,range_hood,4557,8733,False,,47.247587,26.936300000000003,1.7540488205860187
plant_0190.off,plant,426,896,False,,30.0388515,26.842599999999997,1.1190737998899585
sofa_0676.off,sofa,1154,2556,False,,108.0,29.5308,3.6571984620396853
sofa_0293.off,sofa,13513,53880,False,,92.622,41.153,2.250674258239393
bottle_0422.off,bottle,2785,10992,False,,14.2974,3.93701,3.631536716559847
bed_0057.off,bed,361,696,False,,0.208795,0.1053301,1.9822730418651282
guitar_0022.off,guitar,5685,13164,False,,43.229,1.5,28.819314120457253
bottle_0205.off,bottle,4321,8638,True,11041.403282695546,48.9092,19.29134,2.535292906802072
piano_0050.off,piano,4243,8031,False,,74.3104,49.247899999999994,1.5089049175923257
toilet_0031.off,toilet,1216,2333,False,,32.6136,14.83456,2.1984877071859423
car_0155.off,car,32715,113708,False,,1107.3637,409.373,2.7050237736611265
bed_0506.off,bed,1583,3584,False,,87.4838,46.9376,1.8638319414748103
chair_0062.off,chair,89,201,False,,59.268600000000006,41.4097,1.4312733144342193
airplane_0628.off,airplane,56259,216384,False,,225.7994,67.76400000000001,3.332143862048523
tent_0159.off,tent,1934,5364,False,,183.48559999999998,79.32915,2.3129656335285875
airplane_0637.off,airplane,2558,9093,False,,727.552,229.598,3.1688080768612616
range_hood_0191.off,range_hood,486,2106,False,,50.25,26.375,1.9052131979066085
flower_pot_0169.off,flower_pot,529,1400,False,,11.3965,5.16586,2.206118205658263
chair_0012.off,chair,2817,11204,False,,46.2894,20.86,2.2190507085785853
cone_0143.off,cone,48,92,True,389472.28355580993,201.750305,78.50885,2.5697778330751526
sofa_0244.off,sofa,1205,2384,False,,93.307,32.6772,2.855415921333042
plant_0316.off,plant,1270,3740,False,,49.6911444,28.0678,1.7703967760067845
bookshelf_0463.off,bookshelf,82,160,True,5202.727838553863,90.5512,10.8268,8.363615439131097
vase_0090.off,vase,3434,6864,True,16119.77833630262,80.96915999999999,50.494,1.6035401908436606
chair_0545.off,chair,6885,13714,True,1221.4032352996383,56.1956,31.8173,1.7661963219318948
monitor_0249.off,monitor,74,288,False,,71.632,28.466,2.5164054480290363
desk_0237.off,desk,164,340,False,,72.0,30.0,2.3999999200000026
range_hood_0052.off,range_hood,580,2536,False,,44.25,23.5,1.8829786432775044
sofa_0754.off,sofa,849,3464,False,,90.5512,34.5126,2.6237141616767743
night_stand_0033.off,night_stand,1152,2288,True,4374.558690554164,23.937,16.1416,1.4829384024546264
chair_0937.off,chair,6855,25062,False,,31.6848,21.774,1.455166645762531
dresser_0148.off,dresser,7658,15228,False,,50.375,22.6942,2.219730053505739
flower_pot_0069.off,flower_pot,1368,2744,True,7.787168674854986,10.500039999999998,6.7175,1.5630872254429136
vase_0064.off,vase,7394,29604,False,,14.085431,6.8955,2.042698710362017
table_0195.off,table,140,552,False,,58.2676,28.7402,2.0273901355108825
tv_stand_0095.off,tv_stand,171,341,False,,38.46828,28.7402,1.3384833321103076
piano_0172.off,piano,2497,9702,False,,117.16560000000001,64.7862017887,1.8084961759857305
vase_0272.off,vase,301,1152,False,,19.47312,10.99981,1.77031405357783
vase_0113.off,vase,4296,8588,True,13.297571207935476,4.32312,3.93701,1.0980716081311432
monitor_0373.off,monitor,461,1878,False,,25.9702,12.66248,2.050956680606273
chair_0691.off,chair,13807,52317,False,,36.29106,32.41269,1.119655878001614
sofa_0135.off,sofa,60390,261288,False,,149.0754,33.2356,4.485413096636948
person_0028.off,person,6958,17699,False,,21.027445,5.64579,3.724446229058072
piano_0123.off,piano,2326,4318,False,,57.0,24.25,2.350515366989057
bookshelf_0297.off,bookshelf,338,1368,False,,316.198,72.5341,4.359301289196374
bed_0261.off,bed,690,2672,False,,356.096,175.25,2.0319315147963963
monitor_0180.off,monitor,487,1313,False,,18.7194,9.50002,1.9704588021437008
chair_0171.off,chair,3354,11112,False,,35.433223000000005,19.8236,1.7874261593541962
stairs_0058.off,stairs,7656,24392,False,,4144.164014,3618.73,1.1451984571534217
night_stand_0099.off,night_stand,6765,24464,False,,25.0658,11.5627,2.167815288140721
person_0006.off,person,2176,4076,False,,65.733694,26.430059999999997,2.4870806768096374
piano_0228.off,piano,3374,13070,False,,1241.5335,761.125,1.631182129569805
mantel_0271.off,mantel,458,1916,False,,81.72054,44.5382,1.8348415105495617
sofa_0378.off,sofa,16063,33821,False,,123.622,28.285,4.37058496126622
monitor_0488.off,monitor,4479,5773,False,,30.9374,22.0472,1.403234814251478
chair_0988.off,chair,1061,3044,False,,28.707314,22.357246,1.2840272328699505
monitor_0381.off,monitor,880,2346,False,,22.0472,7.71874,2.856320739353736
airplane_0235.off,airplane,25772,83787,False,,1780.2063999999998,521.033,3.416686460518457
bed_0137.off,bed,2782,9368,False,,86.4864,36.1522,2.392285880464097
sofa_0447.off,sofa,943,2858,False,,81.7498,33.2076,2.4617797593990605
chair_0500.off,chair,858,1952,False,,37.0,21.6876,1.7060439280490267
radio_0046.off,radio,2787,3876,False,,149.12400000000002,40.8,3.6549999104166697
xbox_0019.off,xbox,1992,5592,False,,15.4896,3.853100000000005,4.020034771992735
sofa_0460.off,sofa,215,722,False,,93.668,32.3948,2.8914516252160345
tv_stand_0022.off,tv_stand,1173,2710,False,,36.0,15.75,2.2857141405895787
bed_0062.off,bed,128,308,False,,125.2502,49.25,2.543151217397945
chair_0344.off,chair,1107,4407,False,,47.048,28.0,1.6802856542755122
keyboard_0007.off,keyboard,1920,7435,False,,209.9374,5.9375,35.35787193972683
piano_0101.off,piano,1955,6396,False,,56.6226,45.1272,1.25473325943703
mantel_0250.off,mantel,1564,3321,False,,69.5562,20.0,3.4778098261095085
sofa_0253.off,sofa,1138,2180,False,,52.0,30.0,1.7333332755555575
car_0192.off,car,12618,34144,False,,3.849931,1.580521,2.4358604309209237
piano_0004.off,piano,11667,46220,False,,158.85829999999999,120.24719999999999,1.3210976944070407
sofa_0583.off,sofa,673,2056,False,,285.876,97.9868,2.9174949797575285
chair_0001.off,chair,844,2234,False,,36.722823,20.398999999999987,1.8002265405055875
night_stand_0184.off,night_stand,6663,13062,False,,23.0,17.87932,1.2864023191932177
airplane_0443.off,airplane,22294,67858,False,,1126.6824,259.902,4.33502780149815
chair_0450.off,chair,385,1300,False,,36.7754000144601,21.546020000000002,1.7068302316450954
airplane_0057.off,airplane,23495,81150,False,,1866.73,504.722,3.6985310652229724
sink_0006.off,sink,5983,17741,False,,60.0,24.252,2.4740226589962617
door_0049.off,door,505,1022,False,,87.23,8.186259999999999,10.655658303589394
laptop_0138.off,laptop,1139,2219,False,,52340.5,37132.2,1.4095717463169548
toilet_0324.off,toilet,1229,5306,False,,195.8742,88.227,2.2201162657676643
car_0051.off,car,27423,103132,False,,150.1221,68.38486,2.195253420197783
sink_0101.off,sink,2832,5607,False,,37.7953,7.1633404,5.276210903475855
bottle_0091.off,bottle,339,1320,False,,8.18898,2.755899999999997,2.9714347503774663
chair_0640.off,chair,810,1494,False,,33.5874,17.82,1.8848147090451903
bookshelf_0493.off,bookshelf,48,92,True,6967.692901003655,70.8662,11.811,6.0000164253647945
vase_0021.off,vase,1200,2396,True,13.778543627590844,5.90551,5.34282,1.1053168354320686
vase_0076.off,vase,504,1930,False,,5.36614,4.0299,1.3315810983942284
airplane_0110.off,airplane,20531,51866,False,,1529.943,476.80011,3.208772323461141
toilet_0298.off,toilet,191,561,False,,462.781,362.812,1.2755393942991429
chair_0703.off,chair,164,425,False,,39.0419,23.8189,1.6391142479663523
tv_stand_0141.off,tv_stand,1400,3866,False,,65.6142,14.7717,4.441885196566056
chair_0402.off,chair,14712,60202,False,,41.5986,23.4978,1.7703188481339165
monitor_0289.off,monitor,598,1231,False,,323.648,63.386,5.1059854683055335
monitor_0141.off,monitor,698,1956,False,,16.13528,12.5,1.2908222967342164
monitor_0326.off,monitor,336,719,False,,78.365,29.5,2.656440587917268
tv_stand_0009.off,tv_stand,5169,8734,False,,59.0953,18.5324,3.1887557365071046
toilet_0317.off,toilet,8199,32098,False,,28.5614,18.27214,1.563111843324764
bookshelf_0263.off,bookshelf,14156,56210,False,,97.0,33.0,2.9393938503213985
xbox_0100.off,xbox,5036,17375,False,,10.6091,2.8329999999999984,3.744827481529306
curtain_0083.off,curtain,4550,13112,False,,127.375,7.981923,15.957931947234776
bench_0106.off,bench,12019,25352,False,,74.44380000000001,25.64017,2.903404973391168
table_0470.off,table,2511,8642,False,,48.0,24.0038,1.9996833001573378
bed_0298.off,bed,14161,53350,False,,79.49137,52.0288,1.5278339779538648
car_0045.off,car,18497,29266,False,,4.93945,1.306559,3.780499938770512
car_0047.off,car,9148,18741,False,,20.254500000000004,5.560499999999999,3.642567459299082
table_0103.off,table,64,104,False,,102.362,31.1024,3.291128553065726
radio_0089.off,radio,719,1395,False,,280.75,63.5,4.421259772893547
airplane_0090.off,airplane,6412,25027,False,,643.472,198.351,3.244107651364966
chair_0885.off,chair,658,1448,False,,42.9388493,20.0103,2.1458372515236026
monitor_0277.off,monitor,216,438,False,,12.1875,4.2418,2.8731899492691904
chair_0399.off,chair,1838,4940,False,,39.37009935904,25.9842,1.5151552806661246
flower_pot_0071.off,flower_pot,459,745,False,,388.354,136.3318,2.8485943642745544
laptop_0071.off,laptop,126,257,False,,3.28461,1.98101,1.6580473303782766
sofa_0144.off,sofa,2253,5461,False,,86.681,30.9624,2.7995567914775084
night_stand_0267.off,night_stand,4743,18860,False,,28.875,14.0,2.0624998526785823
chair_0869.off,chair,367,1374,False,,29.7013955,21.602980000000002,1.3748748610203376
stool_0049.off,stool,1120,2236,True,21436.26711671572,48.403171,40.0,1.2100792447480189
bottle_0199.off,bottle,457,1838,False,,31.1081,12.0,2.5923414506382128
chair_0268.off,chair,1191,2369,False,,33.0988999488378,17.927,1.846315507476002
bench_0045.off,bench,6087,12044,False,,1849.2089999999998,420.0,4.402878560945527
guitar_0055.off,guitar,1036,3949,False,,347.29645,18.5,18.77278006633621
sofa_0591.off,sofa,58673,162094,False,,118.877,29.6209,4.013281027474485
bathtub_0007.off,bathtub,98,374,False,,60.0,19.1875,3.1270356676463495
dresser_0181.off,dresser,266,983,False,,45.0,30.0,1.4999999500000016
sofa_0020.off,sofa,469,1047,False,,130.9694,34.496,3.796654574540394
bookshelf_0011.off,bookshelf,78,170,False,,75.5906,7.0962499999999995,10.652188035626136
monitor_0300.off,monitor,1807,3620,False,,20.2362,7.08662,2.855549915820248
guitar_0077.off,guitar,20082,57354,False,,44.349688799999996,4.29014,10.337583030487808
vase_0259.off,vase,10579,32958,False,,12.0,12.0,0.9999999166666736
bookshelf_0519.off,bookshelf,19352,74088,False,,93.297,19.76494,4.720327776338922
tv_stand_0244.off,tv_stand,36,128,False,,54.932323,34.216474,1.6054348964935752
bed_0478.off,bed,333,1702,False,,83.99980000000001,42.971,1.9548020303273834
desk_0206.off,desk,286,650,False,,69.3056,29.5,2.3493422932426338
wardrobe_0059.off,wardrobe,143,226,False,,2400.0,625.0,3.839999993856
bench_0066.off,bench,3485,10576,False,,51.0161,20.220090000000003,2.5230400792953898
cup_0066.off,cup,172,340,True,34.8828383083337,5.75,3.7079999999999984,1.5507007684194265
bed_0307.off,bed,279,736,False,,90.0,11.7467,7.661725619814448
monitor_0298.off,monitor,166,497,False,,167.0,116.0,1.4396551600029728
bottle_0247.off,bottle,1186,4181,False,,16.5646,3.97842,4.163611643916016
sofa_0190.off,sofa,3753,14126,False,,57.6754,23.6844,2.43516397142575
range_hood_0038.off,range_hood,1138,2294,False,,35.39960000000001,17.749999999999996,1.9943435496144486
piano_0040.off,piano,3140,7852,False,,292.31039999999996,177.08216,1.6507049515845924
door_0088.off,door,288,604,False,,2838.0,200.000006,14.189999503350016
range_hood_0079.off,range_hood,18294,57668,False,,35.43299999999999,19.685100000000002,1.7999907645889135
car_0054.off,car,52599,189373,False,,4.913299,1.40159,3.5055155177223605
plant_0127.off,plant,124,184,False,,30.407928,19.011969999999998,1.599409550961339
chair_0661.off,chair,2300,4658,False,,33.158299948837794,18.09575,1.8323804272526625
tv_stand_0172.off,tv_stand,92,298,False,,78.7856,20.0,3.9392798030360097
piano_0130.off,piano,23487,70644,False,,94.41029999999999,60.189161,1.5685598015137676
bench_0011.off,bench,434,846,False,,60.76169,32.75,1.8553187219750011
airplane_0312.off,airplane,21379,62914,False,,593.852896,200.07751499999998,2.9681140983377667
radio_0071.off,radio,2870,5747,False,,6.535430000000001,1.7766480000000002,3.678515002119158
plant_0317.off,plant,28018,50214,False,,52.1701,43.00585,1.2130930742423862
table_0316.off,table,32,120,False,,21.6536,17.7165,1.2222277976898486
curtain_0140.off,curtain,285,554,False,,148.84248000000002,16.57266,8.981205854630106
bookshelf_0645.off,bookshelf,16896,43080,False,,87.4736,18.7758,4.65884784356204
guitar_0246.off,guitar,2298,4382,False,,1552.9660000000001,80.0,19.412074757349068
bookshelf_0456.off,bookshelf,1062,2340,False,,70.0,12.4583,5.618743679415035
bookshelf_0097.off,bookshelf,688,2302,False,,108.0,18.0,5.999999666666685
bench_0138.off,bench,53,103,False,,84.75,21.25,3.9882351064359947
wardrobe_0103.off,wardrobe,266,526,False,,46.25,18.625100000000003,2.4832080105230028
stool_0063.off,stool,1592,3180,True,20115719.075972315,492.0,480.0,1.0249999978645834
tent_0044.off,tent,87,209,False,,96.0,58.0,1.6551723852556486
sofa_0551.off,sofa,152,540,False,,309.962,115.886,2.674714782849397
chair_0407.off,chair,999,2392,False,,33.0,30.19,1.0930771416668716
vase_0570.off,vase,1354,2704,True,687558200.6411318,3055.42,2198.64,1.389686350930718
table_0161.off,table,1620,3226,False,,45.2018,19.6337,2.302255697996012
stairs_0127.off,stairs,135,266,False,,204.0003,175.99970000000002,1.1590945827800014
cone_0085.off,cone,79,202,False,,1929.51,1195.996,1.6133080699155278
chair_0880.off,chair,148,791,False,,39.1339,16.92915,2.311628031435244
table_0327.off,table,112,440,False,,115.3936,25.3542,4.55126154438864
bottle_0200.off,bottle,2173,8810,False,,10.36997,3.3556399999999997,3.09030972025911
toilet_0430.off,toilet,429,781,False,,31.7232,14.1127,2.247847524014007
monitor_0429.off,monitor,2699,6082,False,,171.26,64.995,2.6349718803758457
monitor_0286.off,monitor,166,340,False,,21.6534,17.7165,1.222216508779019
bookshelf_0538.off,bookshelf,1508,5906,False,,68.1102,14.960600000000003,4.552637958862749
tv_stand_0103.off,tv_stand,138,356,False,,60.0,20.0,2.999999850000007
sofa_0411.off,sofa,1333,3141,False,,65.3544,29.9212,2.1842171375407022
table_0221.off,table,21917,42122,False,,48.0,30.25,1.5867768070487005
bench_0084.off,bench,5760,11892,False,,2820.0,720.0,3.9166666612268517
stool_0099.off,stool,2782,8536,False,,140.08435,50.54299999999999,2.7715875042718583
chair_0239.off,chair,9056,33486,False,,40.808,34.7766,1.1734326767587206
mantel_0329.off,mantel,414,2020,False,,33.0,23.5,1.4042552593933932
bottle_0140.off,bottle,152,300,True,80.75868840973003,13.3858,3.69594,3.621756949042206
bed_0006.off,bed,5152,10045,False,,21.5154,6.89388,3.1209416002394006
tv_stand_0280.off,tv_stand,828,3156,False,,35.4331,19.685,1.8000049885697238
bed_0543.off,bed,155,422,False,,78.7402,47.244,1.6666708647305297
chair_0088.off,chair,178,361,False,,55.4806,24.0158,2.3101707080267695
bottle_0207.off,bottle,1344,2688,True,39338.39233785856,142.96187749999999,51.4109,2.7807697340297537
car_0033.off,car,38617,66590,False,,5.899109999999999,1.681939,3.5073248748469026
wardrobe_0024.off,wardrobe,496,934,False,,299.9996,71.17899999999997,4.214720574681852
chair_0441.off,chair,1267,2616,False,,44.629501,21.644999999999996,2.06188491282583
desk_0071.off,desk,359,877,False,,48.3746,22.125,2.1864225000487005
cone_0036.off,cone,23713,67484,False,,846.884,787.402,1.0755420978413286
piano_0159.off,piano,8283,22064,False,,322.1887,189.50200000000004,1.7001862687455207
desk_0134.off,desk,11750,39252,False,,57.0,28.0,2.0357142130102064
glass_box_0161.off,glass_box,8,24,False,,170.866,103.543,1.6501936234202832
cone_0055.off,cone,372,1228,False,,33.3034,19.392,1.717378211768863
mantel_0168.off,mantel,66,244,False,,97.5000357,10.75,9.06976991909117
sofa_0179.off,sofa,12630,53044,False,,119.9502,30.1896,3.9732290599004605
sofa_0769.off,sofa,216,831,False,,101.1072,32.6932,3.0926063189713364
tv_stand_0056.off,tv_stand,141,331,False,,152.0001,42.75,3.5555578115658992
tent_0094.off,tent,10,20,False,,115.0,67.5577,1.7022485711880575
piano_0155.off,piano,310,1020,False,,94.4995,80.45670000000001,1.1745385881531483
sofa_0651.off,sofa,1378,3735,False,,83.464,36.6582,2.276816584643638
chair_0716.off,chair,8660,16728,False,,31.334,24.473685,1.280313884880275
range_hood_0186.off,range_hood,3491,10312,False,,38.431700000000006,26.0383,1.4759680364705825
range_hood_0105.off,range_hood,404,968,False,,41.5,20.25,2.0493826148453027
bowl_0002.off,bowl,48,140,False,,9.39247,2.75,3.4154423943845833
glass_box_0268.off,glass_box,262,464,False,,23.500000476837,13.2619,1.7719933572748732
desk_0180.off,desk,974,3711,False,,88.5302,32.5836,2.7170170663457367
airplane_0527.off,airplane,10120,35331,False,,1051.30315,284.628,3.693604094840971
sofa_0768.off,sofa,1752,3954,False,,110.6496,31.5998,3.501591671415906
sofa_0247.off,sofa,1242,3038,False,,81.7714,24.685,3.312594558938847
person_0020.off,person,2559,5116,False,,180.665698,62.7411,2.8795429968626145
car_0256.off,car,58746,215510,False,,5942.24,1780.6,3.3372121737969156
night_stand_0244.off,night_stand,2030,6117,False,,28.25,17.625,1.6028367884915296
guitar_0091.off,guitar,2671,7786,False,,712.7707,34.6297,20.58264089545561
mantel_0087.off,mantel,68,276,False,,103.2259,10.37546,9.949042264242523
bench_0163.off,bench,2480,4920,False,,74.0,26.8571,2.755323443137068
vase_0218.off,vase,288,960,False,,25.1796,21.9685,1.146168325276267
airplane_0381.off,airplane,35450,131169,False,,2506.54,1045.39,2.3977080301153553
desk_0025.off,desk,62,260,False,,48.125,29.75,1.61764700444884
lamp_0084.off,lamp,1504,4726,False,,640.0,400.0,1.599999996
desk_0229.off,desk,51,256,False,,79.1338,27.5592,2.8714112575324657
dresser_0018.off,dresser,42,80,True,17476.72649953221,33.4646,17.7165,1.8888944267268122
mantel_0291.off,mantel,4268,17368,False,,84.0,23.375,3.5935827339643747
range_hood_0169.off,range_hood,1541,7824,False,,57.0,23.5,2.4255318116794973
mantel_0314.off,mantel,846,3674,False,,60.0,27.0,2.2222221399176982
monitor_0327.off,monitor,1763,3496,False,,327.25,223.934,1.4613680751410323
airplane_0056.off,airplane,48479,142019,False,,607.63,150.1696,4.046291632618775
